ngram,C,class_weight,f1_macro_cv,desvio,acc_cv,seg_por_treino
"(1, 2)",100,balanced,0.714,0.018,0.729,10.143
"(1, 1)",100,balanced,0.71,0.02,0.724,2.212
"(1, 2)",10,balanced,0.709,0.02,0.722,9.091
"(1, 1)",10,balanced,0.707,0.021,0.72,2.124
"(1, 1)",100,,0.707,0.017,0.723,2.166
"(1, 2)",100,,0.707,0.021,0.723,10.207
"(1, 1)",10,,0.705,0.022,0.721,2.068
"(1, 2)",10,,0.705,0.023,0.72,9.158
"(1, 1)",1,balanced,0.685,0.015,0.694,1.493
"(1, 2)",1,balanced,0.684,0.022,0.693,4.519
"(1, 1)",1,,0.681,0.02,0.698,1.639
"(1, 2)",1,,0.66,0.016,0.682,5.594
